filename,text,duration
confirmed_chunk_00_003.wav,"The music that we've been putting out has a lot of computer generated sounds in it. Basically, music period. You know, not just hip hop.",10.0
batch4_lisa_spiritual_journey_supernova_2001_015.wav,"even though she's not here in this physical realm. Music can be very healing. And I hope that when people listen to my album,",9.2
batch2_mtv_cut_ep1_008.wav,"Not if it's up to your competition. Born in Madisonville, Kentucky, he calls himself the Mike Control. Says that he is all-purpose. Take a look. Deep or confused?",10.28
batch2_mtv_cut_ep1_013.wav,"Now you know it's all down to you and Cheyenne, right? I want you to stand right over here next to me, girl. That was pretty good.",7.3
batch3_crazysexycool_part1_006.wav,it really says okay okay this is not just a song with a nice tune or you know this is not just a song by three popular girls this is a song that means something and i know a lot of people,10.0
batch3_crazysexycool_part1_019_reseg00.wav,"and it just seems to work. You know, there are a lot of, it's just like Left Eye, she's a songwriter and a producer, acknowledged.",7.36
batch3_lefteye_tupac_002.wav,I got a chance to go to his house a few months before he passed on.,7.4
batch2_last_days_deleted_scenes_017.wav,bottle every single yet every single ooh okay,10.0
pass3_latelick2_006.wav,"So that, yeah, we just did that. And actually their album just dropped last week and it sold 2.5.",5.0
batch4_lisa_interview_short_001.wav,"If I was 20, I would say, oh, I can't stand it. I don't know if I'm going to live to be another 20 years. I can't go through another 20 years of what I've been through.",8.37
batch4_lisa_writing_waterfalls_001.wav,to the to the um to get back to to the try to preach for where i was staying at and um i began to write my rap and the next day i had one more six hour pass to where i could go to the studio,12.64
confirmed_chunk_05_002.wav,I feel responsible for the things. This is a little face treat. Jesus!,8.85
batch2_last_days_deleted_scene2_003.wav,"energy that I didn't know how to control it. So the first person that pissed me off in the airport, she snatched some paperwork out of my hands.",10.0
confirmed_chunk_03_010.wav,"Um, she's my idol. I venture off into healing. There's just a lot of people in the world. It's very...",10.0
batch4_lefteye_rare_home_footage_2002_001.wav,where you need to come when it's time for you to record your project we have the best going rates we have the best engineers we have the best equipment add something to that just,10.0
batch4_lefteye_trl_solo_album_2001_002.wav,"Ron, it's a game. It's better than the eight ball. You have 12 sides in it. Tell her talent's short. It's a rap album, but there's definitely a lot of singing involved, and I'm actually doing some of the singing myself, which is something I don't do in...",11.5
batch4_tlc_tmf_dutch_interview_1999_009.wav,personal that's easy for me my personal favorite favorite is unpretty that is your oh yes your thing that's my favorite you're too,7.75
batch3_mtv_cut_finals_021.wav,"So we're going to see if you and the girls have what it takes to beat Chris. 18.5 so far, Drew Hill. Now, did you feel the energy?",10.0
batch4_lisa_spiritual_journey_supernova_2001_002.wav,"I don't know, I just, I was drinking. So that, one day I just woke up and said, oh, I can't take this anymore. I can't get it anymore.",8.57
confirmed_chunk_04_000.wav,and I one day I just woke up and said oh I can't take this anymore,12.27
batch3_lefteye_tupac_012.wav,"and destiny is what you choose for yourself. Here, I don't know which one it was, but I just know that if you...",7.07
confirmed_chunk_03_008.wav,put into my record to bleed from the CD and out of your speaker. It was a little weird being in the presence of Tupac and,9.95
batch3_mtv_cut_finals_033_reseg00_fsplit01.wav,"She is the definition of the phrase you cannot judge a book by its cover. I go home. Somebody says, what's up with that girl Anastasia?",10.0
batch3_mtv_cut_finals_004.wav,with a 21 charge moving to playing with them I like to be active anything it was like really big you already know our performers are competing for an MTV video,14.58
batch3_mtv_cut_finals_022.wav,"working super producer QD3. And as you see, she's as smooth as her name. Take a look at Silk Church. I became a problem.",10.41
batch3_arsenio_1993_hat2daback_002.wav,more reason to listen to us so we shouldn't be dogged out yeah for you know they look at us I think more we had a messed up like that it's not to look down on us for you should look at it as a learn with and then I mean again I want to see,13.11
batch3_bet_videosoul_halloween94_000.wav,"Um, ooh on the TLC tip, you know, meant being on our own tip. So, um, crazy, sexy, we're crazy, sexy, cool. It doesn't mean I'm crazy, she's sexy and she's cool. It just means.",10.0
batch3_mobo_awards_2000_p1_002.wav,"charge of London, Ken Livingston, and the woman he always calls for advice, Donna Ayer. I cannot believe that this is a world's time performing.",10.0
batch4_bbc_radio1_melc_interview_002.wav,went through something it was just the first time that it was publicized existed personal differences you know when it comes,7.0
batch3_mtv_cut_finals_026.wav,"You'd be a fool if you went anywhere now. Little Noah has a shot at making his dreams come true by beating Silky, the real leader, and Chris Wilson's wild, that'd be denied.",10.0
batch4_lisa_spiritual_journey_supernova_2001_012.wav,recording that song with him and um that were on the track that you you guys don't hear because I didn't put him on the track and some of the stuff he said was just,9.54
pass3_lastdays_dvd_003.wav,talking about your love lives and your boyfriends and stuff.,10.0
batch4_lefteye_uk_interview_oct2001_012.wav,"She is thinking about doing one, but you know sometimes you never know which way things are gonna go but fortunately",8.27
batch2_blockparty_making_part3_001.wav,incorporate the children and let's see we end up in a big nightclub which is one of these what I do is I roll,10.0
batch2_last_days_deleted_scenes_026.wav,"That knife would have never went through them jeans. I was like, I'm gonna get still like chasing after my sister. She can do what I said. She's gonna do it. These are herbs, everybody.",10.0
batch4_tlc_tmf_dutch_interview_1999_008.wav,"Man, I mean, everyone just started moving to Atlanta and, you know, signing the talent. There's a lot of good opportunities here.",8.16
batch2_last_days_deleted_scenes_034.wav,"We call them huts. These huts are made out of mud. The mud is like an inch thick, okay? What they do is they build like a wood frame and then they pack it with mud.",10.0
batch3_crazysexycool_part1_003.wav,do it in a new time so the time is what actually makes it a little different not the actual essence of what you're doing,7.78
batch2_homevideo_1989_airplane_000.wav,"This nut has to go to the bathroom real bad, so he can't hold it. And it's somebody in the men's bathroom. So he goes in the women's bathroom.",7.95
batch2_last_days_deleted_scenes_052.wav,We lived with my dad. He used to have us every morning. We had to get up at 6.,7.26
batch3_mtv_cut_finals_033_reseg00_fsplit00.wav,with a 21.5 here he is ready to ice the audience with freeze up oh that is a it looks like he is still,10.0
confirmed_chunk_04_007.wav,you know good people well when I was six years old my mom I deliver the message you know it goes from spoken word,10.0
batch4_lisa_interview_short_000.wav,say because there are a lot of children. The only thing I've ever wanted to do was help people. There's a lot of sick people in me used to wish that my life would end.,9.25
batch4_tlc_tmf_dutch_interview_1999_007.wav,"Crisscross, Arrested Development, those were probably the first three to really bring the attention to Atlanta. And from there...",9.38
batch2_last_days_deleted_scenes_022.wav,"Where is the washing machine? Is it outside? You don't need light? That's not it? That one doesn't work. We're good to act like it works with video. Well, there used to be a washing machine here.",10.0
batch4_lisa_spiritual_journey_supernova_2001_013.wav,sounds like you said them today some things i can't even put on and i do believe that,7.12
batch4_tlc_fanmail_fan_interview_1999_000.wav,Sit down. Did they prep you? Did they tell you to say that? I'm a fan mail. What we decided to do is dedicate the third album to the fans. Let them know that we got your mail.,10.0
batch4_mobo_awards_press_conference_2001_000.wav,"The person who has really impressed me was the person that I was introduced to for the very first time when I hosted last year, that was Craig David. Now, he had not yet been introduced to the United States.",10.66
batch4_tlc_tmf_dutch_interview_1999_001.wav,was it released like yeah February as a comeback song we thought that it was the song that um,5.84
batch3_kids_choice_1999_003.wav,"Cool. And your name is Lisa too? Well, yeah. That's the original TLC was our... You know, it took us a while to find her, right? Well, not that long. No, not that long. But, I mean...",10.0
batch4_mobo_awards_press_conference_2001_001.wav,"as of then, but since then he has and people are taking very well to Craig David. He's doing really good all over.",9.34
batch3_mtv_cut_finals_033_reseg00_fsplit05.wav,"Chris Buster, is this guy ready for MTV? 14.5 so far, Drew Hill. Now did you feel the energy? Too bad, it looks like.",10.0
batch2_mtv_cut_ep1_000.wav,performing live on stage and one of them gets to come back and take a shot at appearing in their own music video airing right here,7.94
batch3_crazysexycool_part1_019_reseg01.wav,"Who produced this or who wrote this? And it's normally men. And men have written many more love songs. Many. You know what I'm saying? They don't know how to communicate with their woman, so I guess it's just their way of getting it out. Can't say it, but I write a song.",13.67
batch4_lisa_spiritual_journey_supernova_2001_008.wav,There's a few tracks that are close to me on the album. One is Let Me Live because of the message in it.,7.17
batch3_lefteye_tupac_019.wav,"his mission, whatever it may have been. But yeah, I do believe he was here on a mission. Tupac gave me lots of...",7.94
batch3_lefteye_tupac_026.wav,"he passed. I've realized things since he passed. Like, you know, really thinking about death and what is it and...",8.24
confirmed_chunk_04_001.wav,"And I thought about ooh on a TLC tip, which was insane me that I used to, um, that I remembered from being a child. So I was like, well, damn, if I could just come up with one word for that, what would that be?",11.38
batch3_lefteye_tupac_033.wav,"any decision that he would have made, you know. So that's what I... Recording that song with him.",7.81
batch3_mtv_cut_finals_033_reseg00_fsplit02.wav,"Now, have you been approached a lot by different record labels and stuff since you've been on the cut? It's going to be good enough to take the lead from Chris Wilson, who has...",10.0
batch4_lefteye_talking_about_aaliyah.wav,the way that she went because there's so many ways. I'm sure that there are people who are close.,5.0
batch2_millionaire_hd_004.wav,"dodecahedron and I kind of created that and I do all the computer graphics for it. Good for you. A guy gave me a pickup line, he said he was attracted to my left eye.",10.0
batch4_lefteye_funny_moments_compilation.wav,I'm dancing on this video. I'm sorry. This is my video. You know what? I was looking at some pictures. First out. I came sorry. Some of them old pictures are cut.,7.5
batch2_last_days_deleted_scenes_009.wav,"So if anybody wants to come in here, breathe, you know what I mean? Get the sulfur and the minerals and stuff in your lungs or just sit in there and sweat. Lose a little bit of weight, whatever.",10.0
batch3_arsenio_1992_baby_000.wav,"First of all, the name is Left Eye because the eye is right. A guy came up to me and said he was very attracted to me because of my left eye.",8.09
batch3_mtv_pointblank_gun_012.wav,"because they used them out of, you know, or didn't actually know how to use the gun.",8.08
batch2_mtv_cut_ep1_015.wav,"All right. 17.5 is looking very good. Now, Ryan, who is it going to be tonight? Cheyenne? You have a shot at winning your own video.",11.51
batch2_millionaire_hd_003.wav,"So I write everything that I say basically. Well, I went to the movie and when I got home, I just figured it out. That's when everyone discovered that I was learning by ear. And that's your- Well, it's called a-",10.0
batch4_lefteye_1997_vmas_001.wav,on the show so I'm glad to be a part of the ladies night and we are performing tonight. It's always fun when you're working with other artists you know it just takes you away from the everyday you know working with your...,10.0
batch3_bet_videosoul_halloween94_001.wav,"we represent those in each woman. You know, it's like, I'm every woman. I'm crazy, sexy, cool. Or I'm every, you know, switched over and just ever just.",10.0
batch3_bet_first_interview_002.wav,"Where do we get our names from? Well, we can explain what they mean and that might help me. Yeah, I mean, it's not that weird, so it isn't. I was about to say that. I used to sound just like Moni, but...",8.46
batch2_mtv_cut_ep1_007.wav,That was fantastic. You beat more than you would. Now you have to hold on to the lead in order to come back. But...,8.05
batch4_mtv_manicures_tlc_1994_012.wav,so we are crazy so I just played and that's how it came to be,8.12
batch3_lefteye_tupac_023.wav,"someone being 100% real, you know what I'm saying? And that's why I think a lot of people could not handle Tupac, because he was about as real as they come, and it's like when you get that real, it's...",10.26
batch3_crazysexycool_part1_008.wav,"So that's a progression itself and I don't know if it has anything to do with the style progressing or the music progressing, but everything has progressed.",10.0
batch3_mtv_pointblank_gun_007.wav,did get shot. I wouldn't turn around and blame it on you and say that it was your fault or anything. Whoever decided to get that gun out the drawer and whoever decided to shoot that gun.,11.41
batch2_blockparty_making_part3_004.wav,And it's over. But the entire time we're in the wonderful world of Left Eye. And it's in my galaxy. Okay. Yes.,10.0
batch2_last_days_deleted_scenes_030.wav,on one like like what you know to cause not his trouble and stuff blame it on the omen grind asked me who it was somebody came all up in my face,9.13
batch4_lisa_writing_waterfalls_003.wav,"You know, and how, like, too many storms have come and gone, and they don't even leave a trace of...",8.74
batch2_last_days_deleted_scenes_053.wav,"He used to come in. He used to come in. He used to come in. Literally, I know I was. I was literally every morning like this. You know, he was like, don't let your head touch. All right, get up.",9.02
batch4_lefteye_rare_home_footage_2002_000.wav,"The bush. I don't know what comes to your mind. This, my friends, is Studio 5. 5, alright? This is where we make the hits.",10.0
batch4_tlc_tmf_dutch_interview_1999_000.wav,Very comfortable being at home. It was a decision that was made by a twin husband.,10.0
batch3_lefteye_tupac_017.wav,that much more and he's accomplished so much more than I have so I can kind of relate to,7.66
batch4_lisa_success_of_csc_004.wav,"And when we came out, it blew up. And I know it had much more to do with, you know, it had.",10.0
batch2_last_days_deleted_scenes_000.wav,"Look, yo, I read in a magazine who would I tell them that I read that if your hair is wet, every day I wet my hair, I take it right away. So yeah. Okay.",10.0
batch3_crazysexycool_part1_001.wav,goes much further. We were watching Grease last night and they wear basically the same things that we wear today. The style has gone out and come back. Not only eyebrows and you look at all the old movies.,10.0
batch4_lefteye_uk_choice_interview_oct2001_007.wav,"T-Boz and Chili did not take me up on the challenge. You know, I wanted to do a three CD set where each of us did a solo album. And, um...",9.9
batch4_mtv_manicures_tlc_1994_005.wav,There she is right there quick. Marie got me with the new style. Hold outside. My hearse is on my head.,7.25
batch4_lefteye_uk_interview_oct2001_005.wav,"They're just not happy. And I used to wish that my life would end, you know, if I was 20, I would say, oh, I can't stand it.",10.19
batch4_angie_martinez_ladies_night_000.wav,"A little bit of everything. Yeah, a little bit of everything. My own with the group because on this album it's coming out at the end of this year. And I've wrapped a lot of-",10.0
confirmed_chunk_00_008.wav,"to find themselves and find out what their purpose is and to fulfill it. Now, who is part of that 5%, I think everyone is sitting here on a mission, a mission to",10.0
batch4_lefteye_uk_interview_oct2001_001.wav,"And when we recorded the album, we just did a lot of experimentation. So there were some songs that I made.",7.1
batch3_mtv_cut_finals_008.wav,"Here he is all the way from the Bay Area looking for that music video. So far, we've seen it. And Latin froze. We weren't going anywhere. We just...",10.0
pass3_wendy2.wav,It's not a be mad if no one I mean if certain people didn't,3.0
batch3_mtv_pointblank_gun_010.wav,when they have a gun in their hand they feel secure they feel like they can control the situation you know,8.1
confirmed_chunk_05_007.wav,Some things I can't even put on that album.,9.64
batch2_mtv_cut_dowrong_001_reseg01_fsplit02.wav,Not really for exhale to see if they can Somebody to beat them and come back to compete in our semi ladies from the East Coast,10.0
batch2_mtv_cut_mcknight_002.wav,"I'm starting line with your name in it. Alright. I don't know if you know, you supposed to give them a high score for that. Well, you know. A woman whose first spoken words was from an Otis...",10.0
batch2_last_days_deleted_scenes_050.wav,"All of these stuff she's doing, she's moving around this energy around. Guess who just gave me that card? The lady who's the wife of the...",10.0
batch3_mtv_cut_finals_033_reseg00_fsplit11.wav,You guys winning your own video. A kid who keeps a 3.0 to make his parents. You'd be a fool if you went anywhere now. Middle Noah has a shot at making his dreams come true by beating Silky.,12.22
batch3_grammy_1996_press_003.wav,I have an artist signed to the face coming out. I have an artist signing to Columbia Records coming out And I have other artists who aren't signed yet now. I'm trying to get deals,10.0
batch3_crazysexycool_part1_007.wav,have seen the video and they actually get scared because you know they think about their own life. It has to be nothing other than a career progression because we've already sold twice more albums on the second album than the first.,10.0
batch2_blockparty_making_part1_004.wav,of this and it's over but we're the entire time we're in the wonderful world of letha and it's in my galaxy,10.0
batch2_last_days_deleted_scenes_040.wav,"The higher the water is going to get, we're like way, way, way, way at the bottom.",6.42
batch2_last_days_deleted_scenes_008.wav,"These are the saunas. Alright, the way these are built is the same hot water that's coming out those tanks, running through here. And the doors are closed and everything, so there's a lot of steam coming.",10.0
batch2_homevideo_1989_airplane_001.wav,"This plane, like one of these year 2000 planes, it's got gadgets. He sees these three buttons to the right. It's just three buttons, right? It's, um...",8.3
batch3_kids_choice_1999_006.wav,"Which is something that statement, but everyone's, you know, taking it in the wrong way.",7.05
batch2_blockparty_making_part3_003.wav,"And at the end of the video, the nightclub shrinks back down to the size of this.",10.0
batch4_lefteye_mtv_style_2000_003.wav,"no scrubs. I like the big ponytails. I like the colored hair. You know, I like to go there with the makeup.",9.0
batch4_lisa_success_of_csc_003.wav,good as it did nobody i mean you know the face records were they were guesstimating five million arista was saying about the same thing,10.0
batch3_arsenio_1992_baby_004_reseg00_fsplit00.wav,"And we all have our own job titles, positions. Miss T-Voz is the funk. I'm the rap. And Chili is the straight artist. We stand up for guys.",10.0
batch2_last_days_deleted_scenes_041.wav,"heck no they ain't listening. For some reason y'all get like a strange itch or a rash, report it immediately because... Instead of huge mosquito.",9.86
batch2_last_days_deleted_scenes_020.wav,"Alright, skin problems, hair, get your hair wet, nails, hair, skin, and nails. Alright, there's a washing machine inside in case anybody needs to wash their clothes.",10.0
batch4_lefteye_uk_interview_oct2001_013.wav,"you know, we're actually happy to be back in the studio. See, and I tried to do one about four years ago, but unfortunately...",7.87
batch4_lefteye_uk_interview_oct2001_002.wav,"Sometimes you just never know it so 80 of songs on a variety of topics and at the end of the day I just said I don't comfortable with that being on album. This can't go on album, you know",8.9
batch4_lisa_spiritual_journey_supernova_2001_007.wav,"So, I definitely do want to use my music and my popularity to reach out.",8.57
confirmed_chunk_05_003.wav,It's down to the seasonings in the kitchen. If you can see it in your head. The name of the first album and I said.,11.78
batch4_mtv_manicures_tlc_1994_011.wav,the word be and i still didn't know what the word was they say she's cool but you know i see tion sometimes trying to get left with me you know they say i'm crazy but i'm cool as hell,9.75
batch4_lefteye_2001_mtv_supernova_promo_000.wav,"there's a variety of music on the album. Heavy, head-banging, you know, lyrics that I deliver on high. Name the album Supernova, because a supernova is a rare...",10.0
batch2_blockparty_making_part1_008.wav,"but we're gonna put it all in the computer. No, these won't make me jump higher, but they might make me a little extra pocket change. We're gonna market these.",10.0
batch3_crazysexycool_part1_005.wav,a big fad but waterfalls what makes waterfall so special is the video makes you pay attention to the words and the message and it's the video that brings the whole song to light and,10.0
batch3_mobo_awards_2000_p1_006.wav,"and is poised to take over the world. Sir, a musician, and he's here right now. Ladies and gentlemen, and that's my next outfit.",10.0
batch2_homevideo_1989_decent_video.wav,"I'm dancing on this video. I'm sorry. This is my video. This is Trump. I'm telling you. You're going to be thanking me for the rest of your life. Check out my boobs. Check out my boobs. Oh, that wasn't even the right one.",11.5
batch2_millionaire_hd_005.wav,What writer's father was the inspiration for the fictional character Mr. Macabre? A. Mark Twain. B. Charles Dickens. C. Jim.,10.0
batch4_tlc_fanmail_fan_interview_1999_006.wav,"don't speak a certain way around me. She's trying to raise a shorty. Right. And then you teach them some little ghetto sayings. Of course. I mean, you can look at my... They're gonna learn how to do for they souls quick.",10.0
batch3_mtv_cut_finals_016.wav,"who has laid down tracks for rap icons, LL Cool J. And Ice, now you are from the Boogie Down Bronx. So, did the froze remind you of home, Andy? Yeah.",10.0
batch4_lefteye_2001_mtv_supernova_promo_002.wav,"as many people as I can through my music and through love and through healing. You know, so I want that same energy that I have and the same love that I put into my record from the CD and out of your speaker.",10.0
batch4_lisa_interview_short_002.wav,"You know, my mom would look at me and say, oh, I'm so sad to hear you say that. And if you don't know what it feels like to be happy, no, you know, so it's like there's no hope.",10.43
batch4_mtv_manicures_tlc_1994_002.wav,inside joke the first time I know I know I know I'm about to get in there,7.12
batch3_lefteye_tupac_013.wav,"If you set a goal and you follow the path, you know, that it takes to get to your final destiny, then...",7.84
batch3_source_awards_1999_004.wav,"Beckford. Our next award, New Jersey Nets star Stephon Marbury, Jermaine Dupree, and Missy. The new artist of the year solo are three players who master the game.",11.99
batch3_source_awards_1999_000.wav,"That's right, joining him from the streets of Boston, a hot new group whose album is out next. Now see, I knew would nobody admit that. But that's all that.",10.6
batch2_homevideo_1989_today_000.wav,"Well, when I was six years old, my mom, to make a long story short, when I was six, I got hit by a truck. He was starting a show in...",9.47
confirmed_chunk_02_010.wav,"think they know what we're coming out with next, expecting. You know, I am a strong believer in that your life toughs in here. You know, all we have to do is learn how to take care of it. You know, and that's the path.",13.45
batch3_mobo_awards_2000_p1_004.wav,Mr. Allen to present the best reggae act. Please welcome a man who almost looks better and liker than me. Colin Jackson and the sexiest soul.,10.0
batch3_kids_choice_1999_002.wav,"Hurry up, I got a load of wipes to wash. My name is Left Eye because this guy was attracted to me because my left eye.",10.0
batch3_mtv_cut_finals_005.wav,But here's something else we're trying to throw the winner. Big Al has his eyes on the prize with a 24.5 news.,7.86
batch4_tlc_waterfalls_bts_1995.wav,That's where they shot jaws too. Something like that pull from there. It's gonna be really nice.,5.0
batch4_lisa_spiritual_journey_supernova_2001_016.wav,that it gives them a very good feeling situation they may be in and everyone just wants to have a great time.,9.05
batch2_last_days_deleted_scenes_002.wav,understand that animals and stuff they react off of instinct that means if you get nervous they get nervous you start doing all of this then all of a sudden they start getting defensive and then that's when they,10.0
batch3_mtv_cut_finals_013.wav,"are here to blaze the microphone doing, I said you're such the Spanish pro that you are. How do you say? Don't touch that dial. We'll be right back with the cut.",10.0
batch2_mtv_cut_ep1_005.wav,"Please put your head fast. And we just saw Nick Toshita perform, Grant My Wish. Thornette, what's the word on Nick Toshita?",7.27
confirmed_chunk_01_003.wav,"it's normal shine up to a billion times in brightness. So when I was recording... And everyone, get ready to do your math. When we first started out...",9.37
batch3_mtv_cut_finals_010.wav,"Ready to give his all is a man inspired by his loss. Crooning the way that she loves me. A true romantic, give it up, that. You write that about me.",10.0
pass3_lastdays_dvd_010.wav,"Oh, so I one swing crack bash the wind. It's like we all stopped. We were doing it. We look very similar.",9.02
batch2_last_days_deleted_scenes_039.wav,"Fine, you can't get lost if you follow the creek. I've been two hours back into the forest following this creek, okay? Let's go walk back there.",10.0
batch2_homevideo_1989_first_interview_001_reseg01.wav,"If something fails, if you go out for an audition or something like that and you don't get it, keep trying.",5.0
batch3_bet_first_interview_003.wav,"You know, that's when that was so both do really yeah, we did we have to get her into Speaking of promos soon as we get finished our promo. We're gonna go back home getting to her",9.04
batch2_last_days_deleted_scene2_004.wav,"You know, it's not really the hair that makes the difference. It's what you do with it. You've been hairstylist in the industry, but I'm not going to lie. I'm telling you, and the hairstylist coming to do, she might.",10.0
confirmed_chunk_01_001.wav,oh man I don't know it because there's faint percent 85% you know they don't know what's going on 5% do,10.0
batch3_lefteye_tupac_030.wav,And as soon as I realized that that's what it was that had me about to go cuckoo.,7.97
batch3_mtv_pointblank_gun_000.wav,"Let's see, if you do want to go out and get a gun, if that makes you feel more comfortable, then I'm here to support you 100%.",7.53
batch2_last_days_deleted_scenes_024.wav,"We used to make Ronald turn when he was little. Ronald being the only boy with two girls, he got taken advantage of so much. Oh, yeah.",10.0
pass3_latelick1_005.wav,sound I can't even really just be fans red clay the u.s. you from saying my mind frame never changed so you came and rearranged almost definitely I like a wide variety,10.0
batch2_last_days_deleted_scene2_007.wav,with your knife it was all rusty it wasn't even sharp and I went in this room he was sitting on the bed and I was like you didn't do what I said it's all those jeans those thick jeans man that knife would have never,10.0
batch3_crazysexycool_part1_017.wav,you can walk out in the street there for a big surprise. And I can account for what I do because I'm a grown up.,6.08
batch4_lisa_success_of_csc_001.wav,on the album as much as I would have liked to have been. And so that was my problem. That was my purpose.,10.0
batch3_mtv_cut_finals_027.wav,Now only Lil Noah stands between her You are about to win Your own MTV videos I want to do something real quick I want to give both contestants a good luck rose DJ Mar...,10.0
batch3_mtv_cut_finals_033_reseg00_fsplit03.wav,"David, did Anastasia wow you? Gonna be big enough to beat Ill Harmonix with a 21. That's big enough for both of y'all. Y'all should know a good voice when you hear one.",10.0
batch4_lisa_spiritual_journey_supernova_2001_010.wav,"it just seemed to flow. I just started writing it out, you know, because it was so personal.",7.39
batch4_lisa_success_of_csc_005.wav,much more to do with just music they may have been five top ten singles but,10.0
confirmed_chunk_04_008.wav,all the way to this oh we are crazy say I miss someone you get the coolest see I didn't know all right this is how a group can sell 10 million records and be broke,12.41
batch2_last_days_deleted_scenes_044.wav,for your skin in case you get bites or for the mosquitoes or whatnot and they got all kind of herbs that'll take care of any kind of problem if for some reason God forbid somebody gets bit by a snake that shouldn't happen this is what I recommend you do,14.05
batch2_homevideo_1989_dad_011.wav,out of the storage room in the rain and it comes through when they got older no my dad has no mercy for animals he does not care and he would not let the dog in the house where it's nice and warm and so my dad's girl,12.85
confirmed_chunk_04_003.wav,"It's not the guns who hurt people, it's the people who hurt things, then good things happen. If you do bad things, then bad things happen. That's what I had been searching for.",11.03
batch2_mtv_cut_ep1_009.wav,"You tell me. Just playing. Just playing. Performing! Thornell, give us a word on Cheyenne's performance. And Dominika, what did you think about...",9.21
batch3_kids_choice_1999_012.wav,"Threat? Never. Opportunity is plenty. So, you know, we're not bad.",7.08
batch4_lisa_interview_short_003.wav,but um doesn't really have to. I just want to make music and I want to do a lot of things you know.,7.72
batch4_lisa_writing_waterfalls_000.wav,"and they played me the song. I instantly liked it. I instantly thought it was a hit. I loved it, so I took it back with me.",8.66
batch3_mtv_cut_finals_032.wav,backstage with a 20 that is a 21.5 for page three aspiring video star check out a former gangbanger now banging beats for the man upstairs and this is the grand finale,13.98
batch2_blockparty_making_part3_008.wav,"Be careful. Everybody, this is Ed. These are two of our leading. What's happening? Next, we're going to do some more of these shots, different angles.",10.0
batch2_homevideo_1989_dad_002.wav,"We get up 6 o'clock every morning. This is how he wakes us up, okay? 6 o'clock. Everybody get up. It's my morning duty.",7.29
batch3_kids_choice_1999_000.wav,"Okay. Yeah, very refreshing. Very refreshing. Makes us feel like we have a chance to almost start all over again. Get the light. Get the light.",10.0
batch2_mtv_cut_ep1_003.wav,"So far we straight out. Okay Brian what's up? 2.5 so that means Morning Wood has an backstage ready to try. So there's Nicole, Natasha and the...",10.0
confirmed_chunk_04_009.wav,"There's a variety of music on the album. There's even a variety of styles as far as in a room. You know, and...",8.47
pass3_latelick1_001.wav,"putting together over and over again in my car. I just couldn't stop listening to it. I thought the track was so jammed. You did? Yes, I mean because I laid 20 bars. I mean when I was in the studio right",10.0
batch2_last_days_deleted_scenes_047.wav,will respect you and that's pretty much it.,10.0
batch3_lefteye_tupac_034.wav,"And he said, Mac, expect me to come back like Jesus.",3.46
batch4_lefteye_2001_mtv_supernova_promo_004.wav,"I tried to do things from a very positive point of view because the PLC has achieved a lot, but In the future, you know outside of singing I would love to",10.0
pass3_lastdays_dvd_009.wav,a vacuum cleaner pipe and he started busting out all my way. I had set the fire in the bathroom and when I seen him do that,10.7
confirmed_chunk_04_004.wav,and now that I have found me. I'm very influenced by music. And the only thing I've ever...,8.26
batch3_mtv_cut_finals_023.wav,"Don't go anywhere. We have to stick around and see if Silky, which stands for sexy, intelligent lady knocking everybody out.",10.0
batch4_lisa_spiritual_journey_supernova_2001_003.wav,"I gotta find me. And now that I have found me, the same me that I used to, um, that I remembered from being a child.",9.44
batch2_blockparty_making_part3_000.wav,It's a big block party first of all. There's a lot of children involved. The song touches on things that you did when you were a child.,10.0
batch4_tlc_tmf_dutch_interview_1999_003.wav,"Yeah, the style on the second video, which is unpretty, is a little bit different than the first video. And this album, Fan Mail, is very universal.",9.67
confirmed_chunk_02_009.wav,"and the truck driver was... I'll say it, but never make it. You know, this is the second time I ever got my nails done. $1.3 million. Then you split the rest three ways. And you ever want anyone to...",14.38
batch3_crazysexycool_part1_012.wav,"Now, we kind of stepped in and thought that... Total. Or total. It's a new group out. We thought that T-Boz's voice match was a closer match to Prince's, and she can pull it off better.",12.53
batch2_homevideo_1989_airplane_002.wav,"W.A. right? So he's like, I wonder what W.A. stands for. Every day is a new story about a plane being crashed. And even...",7.77
batch2_blockparty_making_part3_002.wav,this and it unfolds and it turns into a big big big dodecahedron which is what this is called and we go inside and we party our butts off,10.0
batch4_lisa_spiritual_journey_supernova_2001_005.wav,"Along my search, I know that there are a lot of things that I, one of those things are to definitely improve the quality of life in my life. This group, TLC, and I'm doing my solo record and we've been so successful.",12.72
batch2_last_days_deleted_scenes_058_reseg00_fsplit01.wav,with precision just like infrared then i sought out my visions and found poison lead is that my dear friend yeah it's like the gas,10.0
batch3_lefteye_tupac_007.wav,"Let's see, I think that during his time here.",7.02
batch3_crazysexycool_part2_004_reseg00_fsplit01.wav,step and that all of it kind of led its way to where I'm sitting right now so I don't know if I kind of regret anything I just take everything that's happened and kind of try to learn from it some kind of way,9.71
batch2_mtv_cut_mcknight_006.wav,"Alright, actually I'm gonna meet you halfway. Now!",5.08
confirmed_chunk_03_002.wav,fingers They're straight. The thing about that is everyone has decisions that they have to make in life. Everyone has the power. Variety of songs.,10.0
batch2_homevideo_1989_today_001.wav,"He got to know my family and everything. Oh, yes. Yes. She's my idol. I...",7.46
batch2_last_days_deleted_scenes_021.wav,"And if you need extra light when we get in areas like this, I don't know if that made a difference. No, I don't think that's enough. So anyway, there's a washing machine. Come on, I'll show you where the washing machine is. No.",10.0
batch3_crazysexycool_part1_002.wav,from back in the 50s and they had their eyebrows eyebrows arched or even just drawn what you do it's been here before in some shape fashion or form you know you just,10.0
batch2_homevideo_1989_today_002.wav,"Watch her I take a lot of pointers from her. You know, it didn't really concern me to One reason why I say",7.93
batch2_mtv_cut_ep1_014.wav,"So what we're going to do is we're going to get him out here right now. Now, 24.5, you don't want to beat tonight. So what we're going to do is we're going to have what it takes.",9.16
batch3_mtv_cut_finals_031.wav,Man upstairs. Three years all the way from the... Now! That was fat. 26.5 points. That was enough to beat Big Al. Anxiously awaiting...,10.0
batch2_last_days_deleted_scenes_003.wav,"want to sting you. So if you leave your door open by accident and a mosquito gets in your room, your whole night, nine times out of ten, is going to be ruined unless you hunt that mosquito down and kill it.",10.0
batch2_homevideo_1989_dad_013.wav,"Only thing we had in our house, in the whole downstairs, we didn't have any rugs. Only thing we had was a couch and a chair and we didn't have a table.",7.18
batch3_grammy_1996_press_004.wav,I've been working on this for a couple years now and finally things are booming and hopefully 96 yeah they should be out this summer 96 will start to be,10.0
batch3_crazysexycool_part1_009.wav,grown up. I'm not saying we've grown up from girls to women but we've grown from young ladies to women. But I make out the second time with colorful baggy clothes.,10.0
batch3_mtv_pointblank_gun_005.wav,violence but in life there's always chances you know that that we have to take no matter what situations we're in. He knows how to use it and he uses,10.15
confirmed_chunk_03_004.wav,Terrible experiences and I think we've done a pretty good job at sticking together. I've heard people say you just have to make the right choices if you do decide to have this gun.,9.01
confirmed_chunk_00_009.wav,"Not a lot of money when the record company has spent $3 million to record your album. And in the line. And I need to share my knowledge with the world. I mean, I don't.",10.0
batch3_mobo_awards_2000_p1_005.wav,"star on FM Best R&B Act Award. Now please welcome on stage an artist who has grown from the garage. Well, in the States we say garage.",10.0
batch2_homevideo_1989_dad_000.wav,about your dad my dad was a trip my dad did the craziest stuff I remember one time,8.66
batch4_lefteye_1997_vmas_000.wav,very very cool time for me. I'm glad to be here. TLC we're working on our album so you know fortunately we haven't been out for three years so you know we don't have a chance to do the TLC stuff.,10.0
batch4_lisa_spiritual_journey_supernova_2001_000.wav,I guess the proudest thing in my career is the overall success of TLC. And our fair share of.,9.02
batch2_mtv_cut_ep1_001.wav,on MTV. Now let's get to the first empire left. How do you score a Morning Woods performance? Morning.,8.25
batch3_grammy_1996_press_001.wav,well first of all 10 million albums and how can we be broke um it's kind of i i can't go into everything right now but,10.0
batch3_arsenio_1993_hat2daback_000.wav,It mostly happens when we're running for planes and stuff. We got signed with Pebbles as being our man. She's glamorous. Has anybody heard this riddle before?,10.64
batch4_lefteye_uk_interview_oct2001_000.wav,what I put into it is really what I'm going to get out of it. I know how energy works and you know for the things that I say because there are a lot of children and I've ever wanted to do was help people.,13.15
confirmed_chunk_01_002.wav,and there's destiny you know I'm saying it's like fate happens and death dollars left well guess what when you have that much money you're in about the 40,10.0
confirmed_chunk_03_000.wav,"I tried to do things from a very positive point of view because there's always more at the end of the day, you know, coming together. So I'm pretty proud of that.",9.53
batch3_mobo_awards_2000_p1_003.wav,in seven years. I've been backstage doing all the hard work. Work. That's the hard work I've been doing. For the man who has quite a record for bailing me out of jail.,10.0
batch2_mtv_cut_mcknight_000.wav,own music video airing right tonight because picking a winner is not going to be easy but what we're going to do right now is we're going to get the music started,9.91
batch2_last_days_deleted_scenes_011.wav,very high in minerals it has a pH balance of 8.9 I think I think it's 8.9 that's a high,10.0
batch3_bet_videosoul_halloween94_002.wav,"I ain't know roaches bite though. I didn't know that. The big ones cop, they bite. You know, you got your water bugs. They're in the roach family, but I don't know about the roaches. Organized noise, Jermaine Dufresne. Okay, let's do it. All right.",12.5
batch2_mtv_cut_dowrong_001_reseg01_fsplit03.wav,performing down to you and days we're gonna get him out and let me know about X-Hall,8.97
batch3_grammy_1996_press_005.wav,the year for left eye productions so stick together learn from our mistakes and uh you know just uh well you know,10.0
confirmed_chunk_03_006.wav,"Similar to the point where we're of choice. So, and there are consequences to your choices. So, if you do good things... Well, we don't have much to work with.",10.0
batch4_lefteye_uk_interview_oct2001_011.wav,"Me is going to release a solo project. She's going to wait until after the TLC album and Tiawn, T-Boz.",7.56
batch2_last_days_deleted_scenes_006.wav,out of my hands. Shoot energy from my fingers. This is the water. It comes out of the ground into here.,10.0
pass3_latelick1_000.wav,"I had a lot of energy on the first album. I think in the studio from where I was residing at the time, and you know, laying some vocals for this album that we were doing.",10.0
batch2_last_days_deleted_scene2_006.wav,he was little. Ronald being the only boy with two girls he got taken advantage of so much. I took a belt to Rayna one time and I took a knife for Ronald.,10.0
batch4_lefteye_uk_interview_oct2001_009.wav,"Changing, I'm going through a major transformation period right now. And I'm not left eye anymore. I'm only left eye with TLC.",9.53
batch2_blockparty_making_part3_006.wav,"This is my video. Okay, I see what you're saying. Hi, I'm Left Eye and this is my video. It's called The Block Party and it was produced by Salon",10.0
pass3_lastdays_dvd_013.wav,It was very odd. I got a chance to go to his house before he passed on. And it was weird. It was a very weird.,8.58
pass3_latelick2_002.wav,"I will probably sing on my album. I really can't explain to you what it's gonna sound like, but I like rapping because I can spatially expand my horizons.",10.0
batch3_lefteye_tupac_025.wav,"I have changed, but I wouldn't necessarily say it's because.",7.29
batch3_source_awards_1999_005.wav,"I see it was smoking. Smoking? Yes. Ladies and gentlemen. Who is it? Everybody who came here tonight to support this event. Yeah, yeah. Performers, presenters, nominees. Thanks to everybody for a great...",13.65
batch2_millionaire_hd_002.wav,"That's my final answer. Yeah, we're gonna go for A, Marine. Final answer. That's the right F. C, final answer. She likes Bono. Well, I rap.",10.0
pass3_lastdays_dvd_008.wav,"We lunch is packed. We didn't have to leave until 8 o'clock. We sitting up on the couch a whole half an hour like, what's wrong with daddy? I was like, can we get up a half an hour late?",10.74
batch2_mtv_cut_dowrong_001_reseg01_fsplit01.wav,with a 21 Julio was you digging my girl would you otherwise my man days is coming back in our school work in the eighth grade you know when my parents,10.0
batch3_mtv_cut_finals_001.wav,around dropping christian rhymes with their son is given win the finals what we're gonna do is go to our panel now are you down with,10.0
batch3_mobo_awards_2000_p2_004.wav,It might be good or it might be like the chemicals we pump into our poor helpless Chicks almost come to define the music they make. Here to tell us...,10.0
batch2_mtv_cut_ep1_004.wav,who say they wrote their first song on an airplane inspired by the night flight and here they are singing you grant my wish,7.69
confirmed_chunk_00_004.wav,"and there's plenty of sound cards, you know, that you can... It runs in cycles. So, I mean, right now, what...",10.0
batch3_mtv_cut_finals_007.wav,"That is a 21.5 for page three. Next aspiring video star, check out a former gangbanger now banging beats for the man upstairs.",10.0
batch2_blockparty_making_part1_002.wav,the children and let's see we end up in a big night do as I as I am I roll this and it unfolds and it turns into a,10.0
batch2_blockparty_making_part3_007.wav,Remy and it's a great song and it's a great video and if the video was shot by Hype Williams directed by the Hype and I EYE,10.0
batch4_lefteye_rare_home_footage_2002_002.wav,"Cut it in, y'all don't even have the... When I say it's in the best house, was create this show for the children called. So these are just some of the friends.",10.0
batch3_crazysexycool_part1_011.wav,"It had been thrown around since the first album to redo a Prince song. We didn't know which song it would be, the second album. What actually happened was one of our producers was going to redo If I Was Your Girlfriend for Mary J. Blige.",13.56
batch3_lefteye_tupac_009.wav,"I think he was part of that 5%. I think everyone is sitting here on a mission, a mission to find themselves and find out.",8.7
batch4_tlc_fanmail_fan_interview_1999_002.wav,"your name will be on the CD jacket as you open it up. There's a lot of names. We couldn't fit them all, but we just wanted to say thank you to all the fans who supported us throughout the year.",10.0
batch4_lefteye_1997_vmas_003.wav,We've been negotiating with Dallas for about 10 months and we're having some problems with the cost of what he wants to charge us. So we don't know.,10.0
batch2_last_days_deleted_scenes_010.wav,"But let me tell y'all something about the water here. The water that you see coming out, going into that tank over there, it's coming out the ground. Now, that's natural water, and it's very...",10.0
batch4_lisa_spiritual_journey_supernova_2001_001.wav,turmoil and experiences and I think we've done a pretty good job at sticking together at the end of the day. I grew up in a home where there were so many restrictions that by the time I got on the street I was just...,13.19
batch3_arsenio_1993_hat2daback_001.wav,"ABC, Toby, BD, B-R-B-T, Teen Summit, and plus you wouldn't even announce it. And then, wait a minute, yeah. I think that if we had AIDS, that would be all the...",10.0
batch2_homevideo_1989_dad_007.wav,"I remember when we had a dog. My brother, my brother has a love for animals. My dad, he could care less. He don't care if we have him or not.",8.74
batch4_lisa_spiritual_journey_supernova_2001_011.wav,"Most of the songs are personal, but I think those are probably two of the most personal. And the Tupac song, I like that. Yeah, it did feel real.",8.57
batch3_mtv_cut_finals_012.wav,"Chris is smooth sound. Sound is big enough for both of y'all. Y'all should know a good voice when you hear one. These guys beat you to it. On a break, open the hip-hop world like a pin-yam. You all got those.",12.67
confirmed_chunk_02_001.wav,And it was weird. It was a very weird experience because I am a person who is,7.52
batch3_mobo_awards_2000_p2_006.wav,"There's only one way to finish the evening off, Trevor. She's a kid right now. And I never asked.",6.0
pass3_lastdays_dvd_002.wav,We had to let everybody know. Things that you don't necessarily want to talk about when a man is in the room. You start swapping advice.,10.85
batch2_millionaire_hd_006.wav,"James Joyce, D. F. Scott Fitzgerald. What are the answers? Mark Twain, Charles Dickens, James Joyce. I'm going to go for A.",11.0
confirmed_chunk_01_005.wav,I'm supernova because the supernova is it's a rare star and it increased tears that we sat in.,7.43
confirmed_chunk_03_005.wav,"your possession. Let me see, um, we're very similar.",9.01
confirmed_chunk_00_002.wav,"get the sounds from. We actually pull some of them from movies, some of them from soundtracks. Like anything, then don't even mess with. It's not one of those things where you jump in and you're like, oh, I'm so sorry.",10.0
batch2_blockparty_making_part3_009.wav,"This is really a street we're walking down. It's all green screen right now, but we're going to put it all in the computer. Yes. You know what? They pulled all the tools.",10.5
batch4_lefteye_mtv_style_2000_000.wav,fun and jean as with the piece that i'm wearing now the favorites it is from our women's collection it is a mohair dress real when i put these dresses,10.0
batch4_lefteye_uk_choice_interview_oct2001_001.wav,"Shortly after that, we had managerial problems. Then I had my legal problems, and things didn't seem to be quite so fun anymore.",10.0
pass3_lastdays_dvd_014.wav,"that was in my cabinets, was in his, the pot set, the chairs that we sat in.",7.75
batch2_last_days_deleted_scenes_054.wav,Six o'clock every 15 minutes we rotate it Everything's on the dot every 15 like six o'clock,8.01
batch4_lefteye_1997_vmas_002.wav,"own artists and stuff. It's just like, you know, reaching out for some friends and stuff. What's going on with that? That is true. That is still up in there, you know.",10.0
batch4_lefteye_uk_interview_oct2001_007.wav,"And if you don't know what it feels like to be happy, you don't know what you don't know.",8.01
pass3_latelick1_006.wav,There's a lot of substance to the things that she really has to say. It's one of the things that are up in her mind. It seems like we're pretty much on the same page.,10.0
batch2_homevideo_1989_dad_015.wav,"So that's the first thing he sees wrong. So he just blows up. And he calls me. That was our own couch. You know, anytime people, we could do it. Sit them on a nice couch. The only piece of furniture we had. It's like an automatic thing where you can rest your head. And because the big circle.",13.21
batch4_tlc_tmf_dutch_interview_1999_002.wav,you got it the quickest. It was probably the catchiest. You could listen to it one time and you know that.,7.77
batch3_mobo_awards_2000_p2_005.wav,"Which artist this year will receive the MOBA award for contribution to music in Unlike your hair, Trevor No I had a greater night No, I had",10.0
batch4_lisa_success_of_csc_008_reseg00_fsplit01.wav,in the heart and you know it because you've seen us outside of the group.,5.09
batch4_lisa_spiritual_journey_supernova_2001_004.wav,"You know, I feel a sense of peace and I like the way it feels. I am a person who is...",7.52
batch3_lefteye_tupac_029.wav,in this world. That's what I realized. Everyone didn't want him to leave here for their own selfishness.,7.12
batch3_lefteye_tupac_016.wav,still was very very strong person i've been through a lot of things it's very similar to what he has been through but he's been through,7.45
batch3_mtv_cut_finals_028.wav,frame now good luck to the thing of little noah's rhyme and that means that you need at least a 12.5 to be,10.0
batch4_lefteye_2001_mtv_supernova_promo_006.wav,"age since 1987. This guy has taught me a lot and I need to share my knowledge, you know, with the world. I mean, I don't think about what I want to do in 20 years.",10.0
batch2_mtv_cut_mcknight_004.wav,"You got me going crazy, losing sanity. I got Dominica. Where'd you into the bar and Brian?",6.62
batch4_lisa_writing_waterfalls_004.wav,sunlight God's given rays it's just like when it rains and pours everything's bad so hey I wrote that song from my heart I don't know what inspired um,10.23
batch3_mobo_awards_2000_p2_003.wav,"Have you been rumbling in my dressing room? One of them are damaged. Slim with ghetto romance. Oh, yeah. Let us contribute something to the music they make.",10.0
batch4_lefteye_uk_interview_oct2001_014.wav,"It didn't work, but everything happens for a reason. We decided to put the fan mail project out and to wait until after that to do the solo album.",8.65
batch2_last_days_deleted_scenes_045.wav,"You go up and you eat it. Right? All of these green leaves. Let me tell you what leaves not to eat when we get back up there. This is a poisonous plant up there that I don't want nobody. If you get bit by a snake, you want to grab a leaf. The chlorophyll thins out your blood. So when you get a snake bite.",14.98
batch2_mtv_cut_ep1_011.wav,"Let's take a look at a lady who says she would like to be the youngest girl to write, sing, and produce songs that make the top 40s charts. And Salah is in the lead so far with...",10.0
batch3_mtv_cut_finals_033_reseg00_fsplit08.wav,"Now she has more styles than Ralph Lauren. Now! That was fat. Artist, R&B actor Ralph, dropping Christian rhymes with their song.",10.0
batch2_last_days_deleted_scenes_013.wav,take advantage of the water while you're here for 30 days because when you get back home the first time i came out here and went back home water you could smell it you know just from having been out here and taking a break from it,10.0
batch3_lefteye_tupac_021.wav,"They couldn't accept it. Then, um... It was better to be respected for being real.",7.6
confirmed_chunk_03_011.wav,doable you know I believe you know we got heavy head-banging you know lyrics that I deliver on high name you know it's a manifestation of your belief and,14.55
batch3_mtv_cut_finals_033_reseg00_fsplit04.wav,"These guys beat you to it. On a break, open the hip hop world like a pin-yuck of you guys winning, y'all. You and the girls have what it takes to beat.",10.0
batch2_mtv_cut_ep1_006.wav,"With a 7.5 it has to be something that you didn't like. Okay. Now, Ryan, do you think that they could grant your wish?",8.22
batch4_lisa_success_of_csc_008_reseg00_fsplit00.wav,reflect on the personal problems that we have or even if they're not problems personal things that we go through and it it goes with the music we're authentic you know we speak,10.0
batch4_lefteye_uk_interview_oct2001_004.wav,"Cleansing period in my life and I learned a lot about food, a lot about herbs, a lot about the body, a lot about energy and all of these things can help people. A lot of sick people in the world, a lot of people who are struggling and suffering.",11.96
batch3_crazysexycool_part1_018.wav,I mean we know what we want and they know that okay this is our music and this is how we want it and we don't like this and we don't like that it's with on the first album except,10.25
batch4_mtv_manicures_tlc_1994_006.wav,"Yeah. The image always has to change to keep everybody on their toes. You know, if we stay too much the same, it's going to get tired. We got to switch up. Boring.",8.51
batch3_crazysexycool_part1_013.wav,"than any other female artist that is in this business right now. So we kind of fought to have the song ourselves. A lot of people before our album even came out,",10.0
confirmed_chunk_01_007.wav,"the way he left here. Seven times eight, 56 cents. But as time went on, we burned a lot of records. Five points.",10.0
batch4_lefteye_1997_vmas_004.wav,"I'm gonna work with him to perform. We'll be back next year, okay?",4.0
batch3_crazysexycool_part2_003.wav,lot. Makes you kind of want to sit down be like why am I in this? More TLCs have three totally separate roles but kind of go into these things as a unit. Later on I don't know we might change our minds but for now we would like to rise to the top.,12.79
batch4_mtv_manicures_tlc_1994_004.wav,"Me, like I said again, this is my second. Let me tell you about it. So would you like to see? No. What are you talking about? No.",7.8
batch3_lefteye_tupac_018.wav,"you know, him in a sense of still pushing on and moving forward and trying to follow up with.",8.08
confirmed_chunk_01_000.wav,"crowd, you know, trying to enjoy the after party. I wanted to ask you about, uh... Kind of cocky. Okay. There are 100 points on the album. TLC had...",10.0
batch3_mtv_pointblank_gun_014.wav,"I think it's just all about are going to have a gun, know how to use it and make wise decisions. You know, try to think before you.",8.64
batch2_last_days_deleted_scenes_019.wav,"But let a couple hours pass by, you'll be straight. You can come down here and run some bath water if you want to take one at night. But just take advantage of this water while you're here, especially if you have any kind of skin problems.",10.76
confirmed_chunk_05_005.wav,"the one way to look at stuff. PLC has achieved a lot, but there's so many, like, anything.",10.87
batch2_homevideo_1989_house_tour_001.wav,Stay out of my way. All of my guests and friends and people who... We have the first dressing room. This is where all...,10.0
batch2_blockparty_making_part1_007.wav,"our leading. Next we're gonna do some more of these shots, different angles. This is really a street we're walking down, it's all green screen right now.",10.0
batch3_vh1_fashion_1995_000.wav,"She's sick? Well, it's not that kind of sick. She just, um, she's got to rest for like six weeks. Oh, really? So she couldn't be here. So we can't perform or anything like that. It's not nothing serious, but it's taken care of.",12.65
pass3_wendy1_002.wav,so you know yeah I mean we're not splitting up it doesn't make sense to split up we've been together for 10 years actually the company is called Sephora we like them we're not that far into knowing,12.5
confirmed_chunk_00_010.wav,"that if you set a goal and you follow the path. You know, record business, we pay all costs back to the record company. We pay",10.0
batch4_lefteye_uk_choice_interview_oct2001_008_reseg00_fsplit02.wav,"I think that she's appropriate for, I will definitely send it to her. I see some comparisons between TLC and Destiny's Child. It seems like there's...",9.75
batch3_kids_choice_1999_011.wav,"Well, I watch my diet. I don't eat dairy. So, you know, I don't have to do that much exercise.",7.76
batch2_homevideo_1989_dad_012.wav,"And they're going away for the weekend and she's like, Brian, it's cold. And you know, well, that's the girl, and if we hadn't told him, he'd have been like, no, the dog's saying, all right, all right, the dog can come in the house.",9.79
batch3_mtv_cut_finals_033_reseg00_fsplit10.wav,"Look at silk. Dresses all the time. I had to come in early. They were into hip hop. Dropping Christian rhymes with their song, Will I?",10.0
batch3_lefteye_tupac_008.wav,"Out of the universe, there's 100%, 85%, you know, they don't know what's going on, 5% do and want to tell everybody, and then there's 10% who do and they don't want the other.",9.73
batch4_angie_martinez_ladies_night_001.wav,the first one i didn't on the second one and there's going to be a lot more on this one it is i don't have a release date there are no real dates in the music industry,8.0
batch2_last_days_deleted_scenes_027.wav,over here people who have like prostate cancer and stuff like this is really really really good for prostate cancer this this stick right here will cure as it is,10.0
batch3_mtv_pointblank_gun_008.wav,"has to answer to that, you know, and it's a shame, but it all goes back to...",7.7
confirmed_chunk_00_006.wav,"It just probably new dimensions, but it works in cycles. So though it may seem like there's new...",10.0
batch3_lefteye_tupac_001.wav,"But I was born on an odd day, the 27th, and he was born on the 16th, which equals to 7 and 9 day, and we were odd.",7.38
batch4_mtv_manicures_tlc_1994_000.wav,"Well, we don't have much to work with. Doesn't really matter at this point. I guess you can go around. I'll say it, but never make it.",8.7
batch3_mtv_pointblank_gun_013.wav,"I know a couple people who actually shot themselves playing with the gun, two different people. So, you know, it's...",7.62
batch2_last_days_deleted_scenes_032.wav,in my car because I had set the fire in the bathroom and when I seen him do that I was like,8.61
confirmed_chunk_05_001.wav,"you know, or didn't actually... He really didn't have the name yet, but he was starting a show.",8.67
batch2_homevideo_1989_today_004.wav,"One thing I'd like to start off by saying, if something fails, if you go out for an audition or something like that, and you don't want to fall already, a lot of producers have come up to me and asked me about auditioning for certain roles in new movies.",13.74
batch4_lisa_success_of_csc_006.wav,"like TLC knows how to breathe life into songs, whereas another group could record the same song and it just does not have the same kind of effect because...",10.0
batch3_crazysexycool_part2_004_reseg00_fsplit00.wav,"That's kind of hard to say if I regret anything because there's a lot of things they've happened You know, it's like okay this thing even though it was bad got me to the next",10.0
batch2_homevideo_1989_dad_005.wav,"to the meat from the ketchup, and it's cold, hamburgers for breakfast, lunch, and we get home, we got hamburgers for dinner.",7.12
batch2_homevideo_1989_house_tour_004.wav,Chart according to the symbols. This is the computer room different from where we create downstairs is business,7.18
batch3_mtv_pointblank_gun_004.wav,"But, you know, good people, bad things happen to good people too. So a lot of times, you know, good people are the victims.",8.15
pass3_latelick1_002.wav,writing the rap I had too much for what they had given me room for you know so before I cut my rap out you know I just could you guys please give me more space,10.0
batch4_mtv_manicures_tlc_1994_010.wav,"And I thought about Ooh on a TLC tip, which was the name of the first album. So I was like, well, damn, if I could just come up with one word for that, what would that be?",7.32
batch3_grammy_1996_press_002.wav,"Trust me, you can sell 10 million albums and be broke if you have greedy people behind you. And Left Eye Productions is a company that I have. I have Left Eye Management. I have artists.",10.0
batch4_lefteye_uk_interview_oct2001_006.wav,"I don't know if I'm going to live to be another 20 years. I can't go through another 20 years of what I've been through. You know, my mom would look at me and say, oh, I'm so sad to hear you say that.",9.74
batch3_crazysexycool_part1_000.wav,"Absolutely correct. Everyone in this group is and just, of course it came from a few different words, but we made it one word. Make some samples of James Brown, Parliament, just old stuff that was done.",10.0
pass3_lastdays_dvd_004.wav,Is that my dear friend? Who? Getting the tide by the flame. Boking my mirrors.,7.16
batch2_homevideo_1989_house_tour_003.wav,creation okay these walls were decorated by me painted by me they peeled by themselves but we're going to keep it like that because it looks good and this is my astrology,10.26
batch2_homevideo_1989_house_tour_002.wav,"This is how my fashion-y shenanigans and stuff is. This is the kind of stuff that I wear on like award shows and you know, I go out to clubs. This is my very comfortable... Today it's not made, but um...",12.09
batch2_last_days_deleted_scenes_031.wav,He took a vacuum cleaner pipe and he started busting out all my windows.,8.48
batch3_grammy_1996_press_000.wav,"You might as well just... And what people don't understand is that when you forward to it, and I'm very excited about it. How do I do what? Make it run?",10.0
confirmed_chunk_03_007.wav,"Um, doesn't really matter at this point. I guess you can go around.",6.44
batch2_last_days_deleted_scenes_058_reseg00_fsplit00.wav,I don't even know what I was thinking about. That's my little friend.,10.0
batch3_lefteye_tupac_014.wav,"You may be able to get there if you can recognize the distractions, you know, that you may run into along the way. And I know that there was a lot of things in his life.",9.59
batch3_mtv_cut_finals_014.wav,"with the freeze on Chris Wilson with 26.5 points. When we come, he's competing for that music video. But Chris Wilson came out swinging. Now.",10.0
batch3_mtv_cut_finals_011.wav,"Yes. Come on now. You don't have to. What are you doing? Yeah. Okay, we'll leave it at that. David! Now, what did you think of...",10.0
confirmed_chunk_01_012.wav,"We gotta tell people that, oh man, look what they got this time. We don't want... I grew up in a home where there were so many restrictions that by the time I got on the street, I was just...",8.56
confirmed_chunk_04_011.wav,"Well, when I was six, I got...",5.61
batch2_last_days_deleted_scenes_043.wav,"or a rash, report it immediately. What we're going to try to do here is everything the natural way. So trust me, they got something for you. We got salve.",9.52
batch4_lefteye_uk_interview_oct2001_008.wav,"I just want to make music and I want to do a lot of things, you know, that are going to really inspire the reality of their lives.",7.83
batch3_source_awards_1999_001.wav,"Now, we are about to honor a very special group of presenters, ladies and gentlemen, Ron DMC and Lauren Hill. Okay, now before I present this...",10.0
pass3_latelick2_005.wav,But the third single was I did. Yes it is. Well actually I did do a collaboration with NSYNC. It's called Space Cowboy.,10.0
batch2_last_days_deleted_scenes_055.wav,"I had to go start washing up, Raina started getting her clothes ready, Ronald started doing something. Rotate. You know, I come out get dressed, Raina go in the bathroom, Ronald started getting his clothes ready. Rotate. I go downstairs make...",10.0
batch3_mobo_awards_2000_p1_000.wav,"This is the MOBA Awards and tonight we will be honoring the very, very best in music from the UK and all around the world. Yes, Gabrielle.",10.0
batch4_lefteye_2001_mtv_supernova_promo_001.wav,"star and it increases its normal shine up to a billion times in brightness. So when I was recording this album, you know, it's very important to me that I read.",10.0
batch3_arsenio_1992_baby_004_reseg00_fsplit01.wav,"too. Thank you. Since then, we tell it from a woman's point of view.",6.02
batch2_blockparty_making_part3_005.wav,"Okay, my name is Left Eye and um... The video, are they watching it? Like is this for a video show?",10.0
batch2_homevideo_1989_dad_008.wav,"But if we have him, it's our responsibility to take care of him. Now, me and my sister, we didn't want to go through that because we know how our father is. You know, he's like that, like clean.",8.4
confirmed_chunk_00_000.wav,"So, I mean, that's not where we get the sounds from. But anyway, I mean, there's plenty of places that we get. Sounds or it has moved into a new direction. It's...",10.0
pass3_latelick1_007.wav,you know. Well this time we went on tour we did day on day off day on day off so the tea box could get the proper rest that she needed but I don't really know if that kind of that worked which aired so that everyone could have the opportunity.,12.5
confirmed_chunk_02_002.wav,"still searching. And you're gonna have to take me to the shooting range so I can learn how to shoot, because I don't want to be. We almost clashed.",8.64
batch2_homevideo_1989_dad_010.wav,running in the house and sliding so my dad bans the dog this is winter time for this dog,7.5
batch2_blockparty_making_part1_003.wav,big big big dodecahedron which is what this is called and we go inside and we um at the end of the nightclub shrinks back down to the side,10.0
batch4_tlc_tmf_dutch_interview_1999_004.wav,"And there's a variety of styles of music on the album and you'll see a variety of styles of, you know, as we do these videos. So the clothing and the image.",10.92
confirmed_chunk_01_006.wav,I look at the way his life I just I was I was drinking so that fueled a lot of situations. To me is what you choose for yourself so.,10.0
batch2_last_days_deleted_scenes_051.wav,"manager at the butterfly farm. We were supposed to go on Saturday. She's a crime. The lion civilization disappeared with no trace. Well, these are the movements that they say came from the lions.",13.1
batch4_mtv_manicures_tlc_1994_007.wav,"We gotta show people that, oh man, look what they got this time. We don't want anyone to think they know what we're coming out with next. Expect things.",8.6
batch3_mtv_cut_finals_020.wav,"who calls himself a spicy Cajun cook. Always puts me in a good mood. I'm always on the side. I get up, get up, get down. All right, now, y'all was tight.",10.0
batch2_blockparty_making_part2.wav,It's going beautiful. It's a big block party first of all. There's a lot of children involved. The song touches on things.,14.0
batch3_arsenio_1993_hat2daback_003.wav,"Well, I think they should be available. I don't know about just passing them out, but they should definitely...",6.75
batch4_mtv_manicures_tlc_1994_014.wav,with the producers and we told them we have an idea crazy sexy cool and we want everything to be around this concept of crazy sexy cool,7.8
batch2_last_days_deleted_scenes_049.wav,"was so small that you can't even see him on your body. Okay, well I'm... You have a dog and there's tics on the dogs, they're not even that big.",10.0
confirmed_chunk_00_005.wav,"You know the nature of what you're doing, you have to do your homework, you have to understand it. You know to be successful. It's moving somewhere where it has evolved from and been before, you know, so it doesn't really change.",10.0
batch2_last_days_deleted_scene2_005.wav,"as much as $2500 because I ended up doing my own hair work. And you know how I would have lowered the room, that is the term. We used to make Ronald's term when he was in the room.",10.0
batch3_lefteye_tupac_003.wav,and it was weird. It was a very weird experience because that was in my cabinets.,8.01
batch3_mobo_awards_2000_p1_001.wav,"and many, many more to come. And we're going to set this place on fire, right? For London Today Best Newcomer Award, please welcome the man in charge.",10.0
confirmed_chunk_02_007.wav,"And what am I gonna pay my voice has to change to keep everybody on their toes, you know if we stay too much the same it's gonna get tired positive message because",8.25
batch4_lisa_spiritual_journey_supernova_2001_009.wav,you know and I want to live for a long time so that's perfect you know to me usually it takes me a minute to write but that one just,8.01
confirmed_chunk_02_006.wav,"If that makes you feel more comfortable then I'm here to support you 100%. $300,000. I can buy a nice house with that.",10.0
batch3_source_awards_1999_002.wav,next award. It wouldn't be fair for everybody in TV land if they couldn't see my entire outfit.,5.04
batch4_tlc_tmf_dutch_interview_1999_006.wav,"It all started, I mean, it really started to blow up about 10 years ago. L.A. Reading Babyface opened up the label and so did Bobby Brown. And they started signing acts and TLC came out.",12.51
pass3_lastdays_dvd_005.wav,He used to have us every morning. We had to get up at 6. He used to come in every 15 minutes. It was 6 o'clock.,7.88
batch4_lefteye_2001_mtv_supernova_promo_005.wav,there's just a lot of people in the world who are suffering they're sick they're not happy they're looking for answers they don't know where to turn well I know a man who's been,10.0
batch2_last_days_deleted_scenes_036.wav,get warm and when it's warm these walls get cool. I know I told everybody yesterday septic system and we don't want the tissue paper to clog it up okay so I know like it's a habit,11.84
batch4_bbc_radio1_melc_interview_001.wav,very limited to you know the amount of work that i can actually long 16 bars here really really strut my through a little something last year but it's not the first time,10.0
confirmed_chunk_03_009.wav,Everybody loves us. I can't put a song out talking about pimping and you know so oh yes yes.,7.3
batch4_tlc_grammy_rehearsal_2000.wav,and she know she ate and this is my breakfast but i was feeling even if we don't win we're going to,7.0
batch4_lisa_spiritual_journey_supernova_2001_006.wav,platform than to reach out to others and give them words of encouragement.,8.17
confirmed_chunk_01_004.wav,"We were cruising into your system, you know, so when I recorded every song on the album, you know, no matter what I... He accomplished a great deal while he was here, and, um...",10.0
confirmed_chunk_01_010.wav,"um, 748.49% tax bracket. So that immediately gets deducted to one. So it's done all the time.",8.04
batch3_mtv_cut_finals_029.wav,"and Drew Hill. So I will see y'all next time on This is Leah waiting backstage with a 20 Now, were you on the same page as",10.0
batch4_mtv_manicures_tlc_1994_009.wav,"That's my nails like platypus fingers But they're straight, you know, and then I play the piano so who needs a second album?",8.06
confirmed_chunk_00_007.wav,"tonight? Yeah, XA had a very good time at the show right now. I'm just wandering around. We want to tell everybody and then there's 10% who do and they don't want the other 85% to know.",10.0
batch2_last_days_deleted_scenes_018.wav,"Don't be dirty. You can take a bath in the daytime. You can take a bath after it gets dark. When the mosquitoes, the mosquitoes gonna come out at night, like when the sun is beginning to go down.",10.0
pass3_wendy1_001.wav,And what was the other question? Most definitely. A lot of married to her uncle. So I'm family. And I heard that she's only inviting family.,10.0
batch3_lefteye_tupac_015.wav,"It may have been distractions or, I don't know, just things that just made it a little bit harder for him to climb that ladder.",10.27
batch3_mtv_pointblank_gun_011.wav,And I know a couple people who have actually used the guns and gotten themselves into worse situations.,7.32
batch2_last_days_deleted_scene4.wav,"Guess who just gave me their card? The lady who was the wife of the manager at the Butterfly Farm who was supposed to go on staffing. She said, That's my little friend.",14.0
batch2_last_days_deleted_scene2_008.wav,"went through them jeans. I was like, I'm gonna cut you. You know, our parents used to fight on it. So like, chasing after my sister, she didn't do what I said. So like, two times I lashed out on them.",9.0
batch4_lefteye_uk_choice_interview_oct2001_008_reseg00_fsplit00.wav,We included it in one package and They didn't take me up on it. I didn't miss the girls when I did my solo project at all,10.0
batch3_mobo_awards_2000_p1_009.wav,to music unlike your hair I know I had a greater night no I had a great and I know you did it,10.0
confirmed_chunk_03_012.wav,He got to know my family and everything was well.,3.99
batch2_homevideo_1989_dad_009.wav,"If anybody wants it, they can just come and pick it up. They're giving away a dog, a dog. My dad brings around a little puppy. It's like this big, but it's only two days of being in the house. It's scratched up all the wax off the floors.",10.52
batch3_lefteye_tupac_020.wav,advice um most important advice he gave me was to be 100% real he said that if I was real with somebody and,8.06
batch4_lefteye_mtv_style_2000_002.wav,"Kyle Young, he designed the pieces in the hallway. Very unique. I'd say of the three videos that TLC shot, the one that will reflect, you know, me the most would be...",10.0
batch2_homevideo_1989_first_interview_000.wav,"Well, when I was six years old my mom Well to make a long story short when I was six I got hit by a truck, but um he was starting a show and",9.74
batch2_homevideo_1989_dad_014.wav,"We had a TV, we didn't have no tables. Oh, we had an ironing board. We had an ironing board in the dining room, and we had a couch in the chair in the room.",7.63
confirmed_chunk_01_008.wav,"$6 million. Seems like a lot of money. Well, it's nuts. That means every time an album gets sold, TLC gets $0.56. So 10 million more things that I would love to do in the future.",10.0
batch2_last_days_deleted_scenes_057.wav,"Everybody dressed, sitting on the couch. We didn't have to leave until 8 o'clock. We sitting up on the couch a whole half an hour like, what's wrong with daddy? I was like, can we get up a half an hour late?",11.08
batch2_homevideo_1989_dad_003.wav,"We all had more than duties. We had a certain time to be. The store he goes to, they sell a lot of them. I go down to this in the kitchen. Six hamburgers.",8.08
batch2_last_days_deleted_scenes_056.wav,"Raina going to get dressed, Ronald going to bathroom. Rotate! I start making a lunch, Raina come downstairs, Ronald, no, no, no, no, rotate! And then at 7.30, lunch is packed.",9.53
batch2_mtv_cut_mcknight_001.wav,"Our first performers believe that music is a celebration, not a company. Dominica, was that a catchy song or what? Oh, yeah. I don't know if you caught that line in the song about you.",10.0
confirmed_chunk_01_009.wav,"You know, outside of singing, I would love to... I guess the proudest thing in my career is the overall success of TLC.",7.03
batch4_lisa_writing_waterfalls_002.wav,"and lay the rap down. But when I was writing it, you know, the first thing I said was, I seen a rainbow yesterday. You know, and I just started reflecting on my life as if it was a storm.",11.28
batch2_blockparty_making_part1_009.wav,"These aren't my dancing shoes. These are just the new shoes that you're going to find in the stores, hopefully by Christmas. All Velcro. Put what you want on.",10.5
confirmed_chunk_03_001.wav,"I don't just think about what I want to do in 20 years, I think about what I'm going to be doing in 220 years. Recording but sometimes you just never know how the song is going to come out until you do it. Nails like platypus.",11.7
batch3_arsenio_1992_baby_001.wav,"I don't know. I looked in the mirror all day that night. Chili started teasing. I know, I got glass eyeballs. And mentally, we're about 60-something.",11.21
batch3_mtv_cut_finals_025.wav,"Now she has more styles than Ralph Loving. G-Nut, come on over here. Now, that was fast. You guys went in, y'all.",10.0
batch2_blockparty_making_part1_000.wav,"Hi, I'm Left Eye and this is my video. It's called The Block Party and it was produced by Salam Remy and EYI.",10.0
batch3_mobo_awards_2000_p1_008.wav,be like the chemicals we pump into our poor helpless but some artists almost come to define the music they make here to tell us which artists this year will receive the mobile award for the,10.0
batch4_lefteye_uk_interview_oct2001_003.wav,between me and my anarch I was like the song is hot everybody loves it and then all of my messages had sort of like an uplifting feel to them,8.21
confirmed_chunk_02_008.wav,"I look at it like this. What I put into it is really... You got about $300,000. It's that much. Okay? When I was six, I got hit by a truck.",10.4
batch2_last_days_deleted_scenes_016.wav,"A lot of money. Hairstylist coming to do a TLC shoot for just a day, she might charge as much as $25. For her own hair.",10.0
batch4_lisa_success_of_csc_002.wav,"personal problems with the project. So I made the album and what it would do. But you know, no one around us really expect the album to do",10.0
batch3_crazysexycool_part1_010.wav,"just for the simple reason that it's not in anymore. It doesn't mean that that's not what's in our hearts. You know, why come out and play ourselves? Let's come up with something new. I don't know. You just got to do them and see what happens, and that's just what we did.",13.2
batch4_tlc_fanmail_fan_interview_1999_003.wav,"Usually I'm riding down the street, not even thinking about TLC and something just goes. This was our first night on tour. Never performed. Never, not as proud like that.",10.0
batch2_last_days_deleted_scenes_035.wav,and then they you know put this like like this isn't this is an actual mud because if the water were to get on the actual money would melt back down and when it gets cold these walls,10.0
batch3_mtv_cut_finals_030.wav,"Wow, that is a 21.5 for page three. Next aspiring video star, check out a former gangbanger now banging beats for the...",10.0
batch4_lisa_success_of_csc_000.wav,"I did not know that our album was going to do as big as it did. Number one, I had a problem because I was, I wasn't.",8.33
batch3_mtv_pointblank_gun_001.wav,"Only thing about that is everyone has decisions that they have to make in life. Everyone has the power of choice. So, and there are consequences to your choices. So, if you do good things.",11.23
batch2_mtv_cut_ep1_012.wav,a 24.5 the last chance for somebody to beat him and come back to compete in our semi-finals,7.91
batch3_mtv_cut_finals_033_reseg00_fsplit06.wav,"Chris, producer QD3. And as you see, take a look at Zil. Dresses all the time. I had to come in early.",10.0
batch2_homevideo_1989_today_003.wav,There's not a set number of how many people can be in that one and add on to the amount of people and if you're good If the right person sees you didn't you've got,8.32
batch3_lefteye_tupac_031.wav,"you know, I was able to let go and say if he really wanted to stay here, he would have pulled through. But it was his choice and his decision.",9.37
batch2_last_days_deleted_scenes_025.wav,I took a knife and it was all rusty and it wasn't even sharp. I went in his room and he was sitting on the bed and I was like you don't know what I said.,10.0
batch4_lefteye_uk_choice_interview_oct2001_006.wav,things about me and I was labeled as being crazy. At the end of the day I did notice that it actually did help sell record. Unfortunately,10.0
batch3_lefteye_tupac_028.wav,"What I believe is it is not the end. When Tupac passed, I realized that there were a lot of selfish people.",9.4
confirmed_chunk_00_001.wav,"you think you can make some quick money and get out of it. You know, with anything that you do, you've got to know the business. You've got to purchase with all kinds of sounds on themselves. I mean, unless this is what you love to do.",10.0
batch4_lefteye_2001_mtv_supernova_promo_008.wav,"of it. You know, and that's the path that I'm on. So, you know, I hope to do a lot of great things. I personally do not believe in death.",10.0
batch4_mtv_manicures_tlc_1994_003.wav,We don't go out to get our nails done. This is a little face treat. Julie gets her nails and her toes done all the time.,7.23
batch2_blockparty_making_part1_001.wav,like big block party first of all there's a lot of children involved them the song touches on you know things that you did when you were a child so we went and,10.0
batch3_lefteye_tupac_004.wav,down to the seasonings in the kitchen you know the types of food that we ate the pot set,7.97
confirmed_chunk_04_010.wav,"or who I am. Along my search, I know that there are... See, that is a very true thing. You know?",10.69
batch3_kids_choice_1999_007.wav,"Yeah, actually my magazine was received that I was cutting out. But no, I supported it, you know, went on and made it no doubt.",9.23
batch2_mtv_cut_ep1_010.wav,"Mr. Brian McKnight, do you agree? It's a 24.5 for Cheyenne Slaw. You are now... Otherwise, Cheyenne is coming back for our semifinals. Last but not least...",13.17
confirmed_chunk_02_005.wav,"Where do I start? Let's see, I think that, uh... Watch her. I take a lot of pointers from her.",8.69
batch3_bet_first_interview_000.wav,"We happened to audition for the same group. Now this was before we met Chili. And we met Pebble, we auditioned for her.",10.0
batch3_mtv_pointblank_gun_002.wav,"then good things happen if you do bad things. It's not the guns who hurt people, it's the people who hurt people. So you just have to make the right choices if you do decide to have this gun.",9.45
batch4_lefteye_uk_choice_interview_oct2001_008_reseg00_fsplit01.wav,"I had been looking forward to doing a solo project since the birth of TLC. I would love to do another song with Mel C, this time being on my project. There's a song that...",10.0
batch2_mtv_cut_dowrong_001_reseg01_fsplit00.wav,"Make some noise. He's trying to be Zach Claw Fashion, who has 15, just started a new school and has an interesting hobby. Watch this. Oh, give it up.",10.0
batch4_lefteye_uk_choice_interview_oct2001_000.wav,"stands up for what I believe in. When TLC first started, we were happy.",9.2
confirmed_chunk_02_000.wav,album you know it's very important to me that I reach as many people as I can through my music for better lack of words I do believe that there is an afterlife,10.45
batch3_vh1_fashion_1995_002.wav,"One night she's not feeling well, she couldn't be here. She's designed everything from hosiery...",5.88
batch2_last_days_deleted_scene2_002.wav,it's not gonna look right because this this reminds me of when I was little first time I cleanse I almost went to jail I was I had so much,10.0
batch4_lefteye_2001_mtv_supernova_promo_009.wav,"You know, I believe in transformation for better lack of words. I do believe that there is an afterlife.",7.0
confirmed_chunk_00_011.wav,"I don't know which one it was, but I just know. Recording costs, video costs. So now we have $2.6 million.",10.0
batch2_blockparty_making_part1_005.wav,"No, these won't make me jump higher, but they might make me a little extra pocket change. I'm going to market. No, these aren't my dancing shoes.",10.0
batch4_tlc_fanmail_fan_interview_1999_005.wav,"And we were picked on in school. She's an outstanding mother. I mean, woo, she ain't having it.",10.0
batch3_mtv_cut_finals_002.wav,We have the skills to pay the bills. We're going to haul our grand prize winner. They'll either stay in the running or be knocked out by this performance. Big skills on this big man are going to be big enough to beat Il-Hama. And this is the grand finale.,14.28
batch2_millionaire_hd_001.wav,"400 programs dealing in education, community services. Plenty of substance? Well, no, I drink juice, water, drink semo. Reese. I would recommend it for everyone. I need it. Hey.",10.0
confirmed_chunk_05_004.wav,"What does that really mean? It means being on our own tip. You know, I feel a sense of peace, and I like the way it feels.",7.81
batch3_lefteye_tupac_011.wav,"I don't know, because there's fate and there's destiny. You know what I'm saying? It's like fate happens.",7.44
batch4_mtv_manicures_tlc_1994_015.wav,"image, music, and what it really means is we can just do anything. You know, I mean, and we had to learn a lot. Where's the dictionary? Let's look up the word real.",8.39
batch3_crazysexycool_part1_014.wav,bet money that that was printing it because she sounds so much like him but I don't know if it didn't sound right I don't think we would have put it out but it came out everything else behind it but that,10.08
batch3_crazysexycool_part1_016.wav,they shouldn't. That kids interlude and just decide that it's raunchy. What you could do if you had the power is to wipe every television show and every movie.,10.0
confirmed_chunk_02_003.wav,both Gemini's and it was almost like four people being Trust me you can sell 10 million hours and be broke and I'm on so you know I hope you do a lot of great things well um,14.81
batch3_mtv_cut_finals_024.wav,"before somebody stars in their own MTV video. But Sookie's about to lay her switch up styles, okay? I don't know who it won to anyway, because this is the finals.",10.0
confirmed_chunk_01_011.wav,"Me, like I said again, this is my second. I was talking about whether it be a party track or a relationship track or just questioning our... We gotta switch up. ...boring.",9.56
pass3_lastdays_dvd_007.wav,"Raina going to get dressed, Ronald going to the bathroom. Rotate! I start making a lunch, Raina come downstairs, Ronald, no, no, no, rotate! And then at 7.30,",8.61
batch4_lefteye_uk_interview_oct2001_010.wav,"I'm supernova. I got to find a way to separate myself from the group. So next time you guys see me, I won't.",8.65
confirmed_chunk_04_002.wav,"And then I said, people looking through love and through healing. You know, so I want that same energy that I have and the same love that I have. Well, I know a man who's been curing AIDS since 1987. This guy has taught me, oh, it's, it's.",12.48
batch3_mtv_cut_finals_033_reseg00_fsplit07.wav,"That was enough to beat Big Al, anxiously awaiting backstage with a 20. Now, were you on the same? That is a 21.5 for Paige.",10.0
batch2_last_days_deleted_scenes_012.wav,balance you know what I mean like seven is neutral anything above seven what it starts doing it starts killing bacteria and everything so water is good for you you know,10.0
batch2_last_days_deleted_scene2_000.wav,"I read in a magazine, who would I tell them that if your hair is wet, it stretches. So every day I wet my hair, I take it right.",10.0
batch4_lisa_success_of_csc_007.wav,"I guess when people look at TLC, they see something that's authentic and they can.",6.59
batch2_homevideo_1989_airplane_003.wav,"They hired, no they fired half of the pilots and hired these inexperienced people and they was crashing planes up the right. I think it was some kind of secret government plan to eliminate half of the-",10.49
batch4_lefteye_uk_choice_interview_oct2001_002.wav,"when we fought like sisters. At the end of the day, we're happy. I'm not...",6.57
confirmed_chunk_04_005.wav,was and I don't know I see a lot of that. Chili even though people look at her like she's sexy she's silly.,8.87
batch3_lefteye_tupac_024.wav,"it almost seems like it's gay. But that's the best advice he gave me. Since Tupac has passed,",8.54
batch3_lefteye_tupac_032.wav,And obviously there's life after death. So I guess he decided to move on and I'm 100% with.,7.59
batch2_last_days_deleted_scenes_004.wav,"This reminds me of when I was little. Everything to do with your hair. While you're here, you don't know. First time I cleansed, I almost went to jail.",10.0
batch2_last_days_deleted_scenes_046.wav,"That stuff, it coagulates the blood. It makes it so that, you know, it clots up. This will unclog your blood, okay? You have to respect nature and nature.",10.0
batch3_crazysexycool_part1_004.wav,Most people do not get into the words first. They're all into the beat or sometimes it's not even the beat it's what the person next to them is into so they jump on the bandwagon you know it becomes,10.0
batch3_crazysexycool_part2_002.wav,if they even care because that kind of artist to me is not a true artist and just being in the business itself will teach you a lot especially when you get jerked that's when you learn a lot,10.0
batch3_mtv_cut_finals_017.wav,"Oh, that is a benzi dos punzos. It looks like he is still. She is the definition of the phrase.",10.0
pass3_lastdays_dvd_012.wav,"I don't know if this has any significance, but I was born on an odd day, the 27th, and he was born on the 16th, which equals to seven and nine day, and we were odd.",11.76
batch3_kids_choice_1999_004.wav,"I mean, after a while, we decided if we didn't find anybody, that we met her, and I was like chilling, chilling. Well, I can really remember Janet. For me, I have to say it was...",10.0
batch3_mtv_cut_finals_018.wav,"And not by go home, somebody says, what's up with that girl Anastasia? Now, have you been approached a lot by different record labels and stuff since you've been on the cut?",10.0
batch4_lefteye_trl_solo_album_2001_001.wav,"So, being a soul artist, I pretty much get to say whatever I want. In my album, you're gonna get a puzzle that comes in four pieces. Once you put it together, it forms a 12-sided ball called a dodecahedron.",10.0
batch2_mtv_cut_dowrong_000.wav,"our own music video airing right here. For new acts all the time, it's Josefa. Guys, with the song.",7.31
batch3_mobo_awards_2000_p2_001.wav,"and the sexiest soap star on TV. Please welcome on stage an artist who has grown from the garage. Well, in the States we say garage. And is poised to take over the world.",10.0
batch3_mtv_cut_finals_006.wav,"From Los Angeles performing Have You Ever, it's Paige. Let's see if that was enough to beat Big Al. Anxiously awaiting backstage with a 20...",10.0
batch4_lefteye_trl_solo_album_2001_000.wav,"I don't like to set limitations and sometimes when you're in a group, you know, limitations are set because you like to respect everyone's, you know,",10.0
batch2_last_days_deleted_scenes_058_reseg00_fsplit02.wav,"my soul with no pipes, hit the tide by the flames, bound by the rocks and the chains, I see smoke in my mirrors, if it don't,",7.72
confirmed_chunk_04_006.wav,"She'd be acting. I can't take it anymore. I've got to find me. So, but, you know, and also.",8.53
batch2_mtv_cut_dowrong_001_reseg00.wav,verbalize. Starting off with a 4.5. Ms. Josef wants to do in a game.,6.22
confirmed_chunk_03_003.wav,on a variety of topics and at the end of the day I decided I don't feel comfortable with that. We just did a lot of experimentation so there were some songs that I didn't even feel comfortable.,8.51
pass3_latelick1_003.wav,"Can we ascend to higher heights and when the path gets rough, we can get into brighter nights, breathe with our souls to keep. I'm currently working on a solo project. I'll tell you as of yet when it's going to be released. Yes, thank you. Nothing.",10.0
batch3_mtv_pointblank_gun_003.wav,your possession and you're gonna have to take me to the shooting range so I can learn how to shoot because I don't want to be in a dangerous situation and have a gun and it backfire on me.,11.08
batch4_tlc_1995_mtv_movie_awards.wav,"at the Atlanta Coca-Cola Music Awards. Okay. In 95, you will...",5.0
batch4_mtv_manicures_tlc_1994_001.wav,"You know, this is the second time I ever got my nails done. And the first time I got them done, they came off the next day.",9.29
batch3_crazysexycool_part2_000.wav,"You have to make decisions. You have to sit down. You have to talk with your lawyers. You have to talk with your manager. You have to get into these things. Are the type of artists who, where would you give them?",10.0
batch3_lefteye_tupac_027.wav,"You know, why do people mourn it? Why is it supposed to be such a painful experience? Why is it like it signifies the end when...",9.49
batch3_mtv_pointblank_gun_009.wav,life and there are consequences to the choices that you make so whoever did that's going to have to answer to those consequences. But there are several people around me who do own them and from talking to them I do know that guns give them a sense of power.,13.98
batch2_last_days_deleted_scenes_042.wav,that is not a mosquito get a strange bite,7.13
batch2_mtv_cut_mcknight_005.wav,What did you think about? Emanaz trying to take the lead and make this. And it's coming back to our semi-finals. This is the last chance for somebody to beat them and come back to comp-,10.0
confirmed_chunk_05_006.wav,and since Tupac has passed,9.72
batch4_lisa_writing_waterfalls_005.wav,Marquez to write the song but hey came out turned out to be our biggest hit and it was my favorite song for more reasons,10.45
batch3_mtv_cut_finals_009.wav,"We saw T-Bone blaze the microphone, and now we're going to the judges to see if he can score higher than Big Al with a twine for T-Bone, which is...",10.0
batch4_tlc_tmf_dutch_interview_1999_005.wav,"The song will set the tone for the image and unpretty. I mean, just picture like fields of flowers and real flowy material and mecca in the States, in the United States.",14.0
batch4_mtv_manicures_tlc_1994_016.wav,Yeah. You know what I'm saying? We never did that. We should. Exactly. No. And mine's over here. Mine's one different.,7.73
batch3_kids_choice_1999_001.wav,"See you can't see them now, it's daylight, but they light up. While Chili's washing her socks, we're gonna take a look at the nominees.",10.0
batch2_last_days_deleted_scenes_001.wav,light the better. Let me see. That's better. I mean it couldn't have grew that much. Cause I still have split ends for some reason.,10.0
batch3_mobo_awards_2000_p2_000.wav,"it up for the man who has quite a record for bailing me out of jail, Mr. Alex Olmos looks better and liker than me. Colin Jackson.",10.0
batch4_lefteye_uk_interview_oct2001_015.wav,"So, you know, it's finally able to get to that get around to it",4.38
batch3_mtv_cut_finals_033_reseg00_fsplit09.wav,"Will I? 18.5 so far, Drew Hill. Now, did you feel the energy? Super producer, QD3. And as you see,",10.0
pass3_latelick2_000.wav,"When we first saw the video we said, hmm, I don't know if this is going to work. It's kind of simple, it's a little plain. But now that the video is over with and I look back on it, I think for the time that the video came out it was a car.",10.0
batch3_lefteye_tupac_006.wav,"how it was written. You know, and a lot of the words he substituted with little symbols, like the eyeball for the word eyes.",8.34
batch2_last_days_deleted_scene2_001.wav,So yeah It couldn't have grew that much. I told you. I need to trim it again. Because I still have split ends for some reason. No matter what you put in it.,10.0
batch3_mtv_pointblank_gun_006.wav,his um you know he thinks before he um actually takes action. Paul if if my sister,7.06
batch3_kids_choice_1999_009.wav,"And it's entitled Fan. Pull out a poster that I have 5,000 fans. They exist and so for this album, I think the most important thing that we want to do.",10.0
batch3_mobo_awards_2000_p2_002.wav,"a musician, and he's here right now, ladies and gentlemen, MJ. Yay, that's my next outfit.",10.0
batch4_lefteye_uk_choice_interview_oct2001_004.wav,wildest statements. I have done a wild thing when Andre and I got into the house situation and the house burnt down you know.,10.0
batch4_tlc_fanmail_fan_interview_1999_004.wav,"It was 16,000 acts like she's never nervous, but her eyes are this big. And believe it or not, you guys have done the same thing for us. That's why we dedicated all of this stuff to the fans.",10.0
batch3_arsenio_1992_baby_003.wav,Lyrical content. Now you can call me a feminist rapper if you want to. I'm not one. But we're a singing group. And I'm the rapper.,6.68
pass3_wendy1_000.wav,"All right. Me and I, me and I had it too. A little bit longer than what they are lasting, but. Yeah. Let's see. I weigh about a buck on fives. A six and girl.",10.0
batch3_bet_first_interview_001.wav,"We needed a third member and Pebbles went down to rehearsals. To come back. We're like, she's our fourth life. And it makes our mothers feel comfortable too. Yeah. It's lovely.",10.0
batch2_last_days_deleted_scenes_007.wav,"it comes out of the ground hot. Okay? Feel the water. Oh, seasons, rainy seasons. There's two seasons here, rainy and dry. It's not like spring, summer, winter, and fall.",10.0
batch3_mobo_awards_2000_p1_010.wav,the greater there's only one way to finish the evening off and I never asked,5.0
batch3_grammy_1996_press_006.wav,Contracts and stuff is kind of hard to handle business when you're stuck in contracts that say sir. Just being very honest.,6.5
batch4_lefteye_2001_mtv_supernova_promo_003.wav,"and into your system, you know. So when I recorded every song on the album, you know, no matter what I was talking about, whether it be a party track or a relationship track or just questioning our existence,",10.0
